class_id,project_class,source_dataset,n_clips,n_windows,clip_share,window_share,flag_over_80
0,Aircraft,FSD50K,216,25695,0.7578947368421053,0.8854543574899204,True
0,Aircraft,ESC-50,69,3324,0.24210526315789474,0.1145456425100796,False
1,Alarm,FSD50K,612,43823,0.972972972972973,0.983659177122848,True
1,Alarm,ESC-50,17,728,0.02702702702702703,0.01634082287715203,False
2,Baby_Crying,owlgebra_babycry,428,16987,0.9324618736383442,0.9200563288739642,True
2,Baby_Crying,ESC-50,31,1476,0.06753812636165578,0.07994367112603586,False
3,Car_Engine,UrbanSound8K,820,31432,1.0,1.0,True
4,Dog_Bark,UrbanSound8K,807,23837,1.0,1.0,True
5,Doorbell,FSD50K,43,2369,1.0,1.0,True
6,Drilling,UrbanSound8K,841,29085,1.0,1.0,True
7,Footsteps,FSD50K,442,29952,0.9344608879492601,0.9533085075909482,True
7,Footsteps,ESC-50,31,1467,0.06553911205073996,0.04669149240905185,False
8,Glass_Breaking,FSD50K,383,10037,0.9184652278177458,0.9461726998491704,True
8,Glass_Breaking,ESC-50,34,571,0.0815347721822542,0.053827300150829566,False
9,Gunshot,FSD50K,321,11059,0.5144230769230769,0.7168600505607052,False
9,Gunshot,UrbanSound8K,303,4368,0.4855769230769231,0.28313994943929477,False
10,Help_Shouting,FSD50K,419,20233,1.0,1.0,True
11,Jackhammer,UrbanSound8K,820,29106,1.0,1.0,True
12,Knocking,FSD50K,290,9264,0.9006211180124224,0.9189564527328637,True
12,Knocking,ESC-50,32,817,0.09937888198757763,0.0810435472671362,False
13,Motorcycle,FSD50K,198,21925,1.0,1.0,True
14,Siren,UrbanSound8K,760,28703,1.0,1.0,True
15,Train,FSD50K,358,40905,0.9086294416243654,0.9586585108626872,True
15,Train,ESC-50,36,1764,0.09137055837563451,0.0413414891373128,False
16,Vehicle_Horn,UrbanSound8K,300,8340,0.9146341463414634,0.7930772156713579,True
16,Vehicle_Horn,FSD50K,25,2029,0.07621951219512195,0.19294408520349943,False
16,Vehicle_Horn,ESC-50,3,147,0.009146341463414634,0.01397869912514264,False
