split,class_id,class_name,n_windows,frac_centroid_confusable,mean_margin,median_margin
train,0,Aircraft,23873,0.7430988983370335,-2.1190644827589775,-0.9359220690977281
train,1,Alarm,36086,0.982264590145763,-4.417634007317679,-3.2539333324001376
train,2,Baby_Crying,15377,0.25076412824348054,3.3060120837352116,6.953524332852929
train,3,Car_Engine,25872,0.8429576376004947,-1.6860785617276632,-1.043256694367031
train,4,Dog_Bark,19181,0.8459934309994265,-2.2800161931947347,-1.513443451143786
train,5,Doorbell,1941,0.44719216898505926,-1.4716048053628292,0.5621673572389625
train,6,Drilling,23265,0.6398022781001504,-0.7732946514494853,-0.19113402672265067
train,7,Footsteps,25507,0.8702709060257968,-2.427725164707667,-1.5385705569965396
train,8,Glass_Breaking,8539,0.8007963461763673,-4.344662492313776,-3.2697760493253654
train,9,Gunshot,12405,0.9733172108020959,-5.749399876579803,-4.648580160887178
train,10,Help_Shouting,16607,0.8425362798819774,-3.1459860425895507,-1.8170157394834092
train,11,Jackhammer,23925,0.44154649947753394,-0.21656651964584078,0.13755889196228566
train,12,Knocking,8155,0.7064377682403433,-2.124025217885403,-0.8644233033063884
train,13,Motorcycle,18099,0.8833084700812199,-2.6636510652021888,-1.4956013641055534
train,14,Siren,23426,0.8810723128148211,-2.735928853347807,-2.013827955895575
train,15,Train,34045,0.9600234983110589,-2.282282522461876,-1.2511843272698684
train,16,Vehicle_Horn,8310,0.6938628158844765,-1.0399684400226317,-0.5039053950599168
val,0,Aircraft,5146,0.6861640108822387,-2.2787023624087657,-0.8677237407096499
val,1,Alarm,8465,0.9796810395747194,-4.33609575942692,-3.1392213968033857
val,2,Baby_Crying,3086,0.37556707712248866,0.3330942976892189,5.820120053018364
val,3,Car_Engine,5560,0.8129496402877698,-2.171422938150674,-2.090646320642648
val,4,Dog_Bark,4656,0.8402061855670103,-2.2379463986509442,-1.1316007032933442
val,5,Doorbell,428,0.633177570093458,-1.8157244028039834,-0.8411176520953845
val,6,Drilling,5820,0.7323024054982817,-0.7040499798532476,-0.37343397478322515
val,7,Footsteps,5912,0.8849797023004059,-2.6119230613517113,-1.551244019102942
val,8,Glass_Breaking,2069,0.8376027066215563,-4.320155313494871,-3.0355940521122804
val,9,Gunshot,3022,0.985440105890139,-6.465187374246056,-4.710942696673726
val,10,Help_Shouting,3626,0.8433535576392719,-2.758210795348843,-1.4867914241944504
val,11,Jackhammer,5181,0.2291063501254584,0.09027691475335974,0.18130463656588347
val,12,Knocking,1926,0.7289719626168224,-2.584561243968475,-0.8767881682767964
val,13,Motorcycle,3826,0.887611082070047,-2.7980617144049265,-1.4973188774494588
val,14,Siren,5277,0.8671593708546522,-1.8695338267954615,-0.8498254652132289
val,15,Train,8624,0.9765769944341373,-2.34985112753863,-1.420547302011343
val,16,Vehicle_Horn,2206,0.6305530371713509,-2.067658367618749,-0.6097244772979877
