class_id,project_class,sample_rate,n_clips,clip_share,sample_rate_missing,flag_single_rate
0,Aircraft,44100,285,1.0,False,True
1,Alarm,44100,629,1.0,False,True
2,Baby_Crying,44100,235,0.5119825708061002,False,False
2,Baby_Crying,8000,224,0.4880174291938998,False,False
3,Car_Engine,44100,458,0.5585365853658537,False,False
3,Car_Engine,48000,309,0.37682926829268293,False,False
3,Car_Engine,96000,53,0.06463414634146342,False,False
4,Dog_Bark,44100,526,0.6517967781908303,False,False
4,Dog_Bark,48000,175,0.21685254027261464,False,False
4,Dog_Bark,96000,70,0.08674101610904585,False,False
4,Dog_Bark,11025,22,0.027261462205700124,False,False
4,Dog_Bark,22050,6,0.007434944237918215,False,False
4,Dog_Bark,24000,4,0.004956629491945477,False,False
4,Dog_Bark,32000,4,0.004956629491945477,False,False
5,Doorbell,44100,43,1.0,False,True
6,Drilling,44100,602,0.7158145065398336,False,False
6,Drilling,48000,96,0.11414982164090369,False,False
6,Drilling,96000,84,0.09988109393579073,False,False
6,Drilling,24000,28,0.03329369797859691,False,False
6,Drilling,192000,17,0.020214030915576695,False,False
6,Drilling,22050,8,0.009512485136741973,False,False
6,Drilling,16000,6,0.007134363852556481,False,False
7,Footsteps,44100,473,1.0,False,True
8,Glass_Breaking,44100,417,1.0,False,True
9,Gunshot,44100,492,0.7884615384615384,False,False
9,Gunshot,48000,84,0.1346153846153846,False,False
9,Gunshot,96000,47,0.07532051282051282,False,False
9,Gunshot,22050,1,0.0016025641025641025,False,False
10,Help_Shouting,44100,419,1.0,False,True
11,Jackhammer,44100,487,0.5939024390243902,False,False
11,Jackhammer,96000,209,0.2548780487804878,False,False
11,Jackhammer,48000,124,0.15121951219512195,False,False
12,Knocking,44100,322,1.0,False,True
13,Motorcycle,44100,198,1.0,False,True
14,Siren,44100,396,0.5210526315789473,False,False
14,Siren,48000,343,0.4513157894736842,False,False
14,Siren,16000,12,0.015789473684210527,False,False
14,Siren,11025,9,0.011842105263157895,False,False
15,Train,44100,394,1.0,False,True
16,Vehicle_Horn,44100,235,0.7164634146341463,False,False
16,Vehicle_Horn,48000,66,0.20121951219512196,False,False
16,Vehicle_Horn,16000,19,0.057926829268292686,False,False
16,Vehicle_Horn,96000,8,0.024390243902439025,False,False
