split,class_id,class_name,n_windows,n_values,n_at_floor,frac_at_floor,mean_norm,std_norm,mean_bins_0_47,mean_bins_48_63,frac_at_floor_bins_48_63,n_ge_095,frac_ge_095
train,0,Aircraft,23873,7639360,2658,0.0003479349055418255,0.5713236171078014,0.14945705758986894,0.6185034763549285,0.4297840393664209,0.00036128680936622963,662,8.665647384074059e-05
train,1,Alarm,36086,11547520,77748,0.006732874244859502,0.502378419415193,0.17334974720137306,0.5264344166807609,0.43021042761848977,0.006206700659535554,1824,0.00015795599401429916
train,2,Baby_Crying,15377,4920640,802280,0.16304383169668987,0.4716610464959431,0.2423499829242595,0.5779268105608456,0.15286375430123633,0.6458013591727906,261,5.304188073096182e-05
train,3,Car_Engine,25872,8279040,22,2.657312925170068e-06,0.5856875381896988,0.11693433941191853,0.6153087249811607,0.4968239778153126,7.730364873222016e-06,49,5.918560606060606e-06
train,4,Dog_Bark,19181,6137920,32517,0.005297723007142484,0.503365511194594,0.14267928713903985,0.5412744505355996,0.38963869317157707,0.01793636932381002,506,8.24383504509671e-05
train,5,Doorbell,1941,621120,3100,0.004990984028851108,0.418031119163442,0.1550652056510722,0.4363197651967844,0.3631651810634149,0.005834621329211746,32,5.1519835136527566e-05
train,6,Drilling,23265,7444800,0,0.0,0.6315213868054547,0.0882035007172761,0.6462324423546317,0.5873882201579234,0.0,67,8.999570169782935e-06
train,7,Footsteps,25507,8162240,23508,0.002880091739522484,0.4828140975709079,0.12785511518754625,0.5065000479815578,0.4117562463389582,0.002962912141765006,122,1.494687732779237e-05
train,8,Glass_Breaking,8539,2732480,6797,0.002487483897411875,0.5079611319575221,0.15703110261523487,0.5160857387456169,0.48358731159323765,0.0025676308701253073,98,3.5864855369481206e-05
train,9,Gunshot,12405,3969600,12350,0.003111144699717856,0.5522036575062649,0.18191382336842626,0.5854113344115944,0.45258062679027605,0.003243651753325272,793,0.0001997682386134623
train,10,Help_Shouting,16607,5314240,5156,0.0009702233997711809,0.5660711738763685,0.14676861143961967,0.5919451583290543,0.48844922051831186,0.0010680737038598182,1313,0.00024707201782380925
train,11,Jackhammer,23925,7656000,0,0.0,0.6419818242490145,0.0753054272754982,0.6601323671034874,0.587530195685596,0.0,0,0.0
train,12,Knocking,8155,2609600,4037,0.0015469803801348866,0.4379827774317549,0.16506957082000992,0.47318300879350794,0.3323820833464958,0.0015864500306560392,158,6.0545677498467196e-05
train,13,Motorcycle,18099,5791680,1191,0.00020563981435438422,0.5546518438772978,0.1309306044622419,0.585354273085786,0.4625445562518331,0.00021479087242389083,148,2.5553898005414662e-05
train,14,Siren,23426,7496320,12449,0.0016606815077264579,0.5368198518512378,0.14641746916973827,0.5771432512906911,0.4158496535328779,0.006580828993426107,103,1.3740075130197217e-05
train,15,Train,34045,10894400,3320,0.00030474372154501396,0.575948818064748,0.1264643004263107,0.6094178665614954,0.47554167257450486,0.00031502423263327946,271,2.4875165222499634e-05
train,16,Vehicle_Horn,8310,2659200,66,2.4819494584837546e-05,0.6067784687946599,0.11532373791825419,0.6420143226565518,0.5010709072089845,2.4067388688327318e-05,61,2.2939229843561974e-05
val,0,Aircraft,5146,1646720,128,7.773027594247959e-05,0.5678917779613633,0.14970307082036613,0.6137843075184296,0.43021418929016425,7.773027594247959e-05,25,1.5181694520015547e-05
val,1,Alarm,8465,2708800,17780,0.006563792085056114,0.5118407479957168,0.17272884840829922,0.5379024199290533,0.43365573219570686,0.006113408151210868,1085,0.0004005463673951565
val,2,Baby_Crying,3086,987520,133277,0.13496131723914453,0.4904927191583846,0.22978279659916034,0.5800807285165173,0.22172869108398663,0.5354463707064161,235,0.0002379698639014906
val,3,Car_Engine,5560,1779200,13,7.306654676258993e-06,0.5814564883750825,0.1318580114759013,0.6189297577381574,0.4690366802858578,0.0,3,1.6861510791366907e-06
val,4,Dog_Bark,4656,1489920,4793,0.003216951245704467,0.5071234279848756,0.13670265410210233,0.5403755107133238,0.4073671797995311,0.0034793814432989693,105,7.04735824742268e-05
val,5,Doorbell,428,136960,307,0.0022415303738317757,0.43332466428241956,0.16406464187845776,0.4507768560354297,0.38096808902338913,0.002453271028037383,0,0.0
val,6,Drilling,5820,1862400,0,0.0,0.6336622445636606,0.09126033225635216,0.6523579861760676,0.5775750197264401,0.0,0,0.0
val,7,Footsteps,5912,1891840,2092,0.001105801759133965,0.48366818111631293,0.12968388005892323,0.5096062629454897,0.40585393562878247,0.0011163734776725304,27,1.42718200270636e-05
val,8,Glass_Breaking,2069,662080,725,0.001095033832769454,0.5166145062365729,0.14979525633157809,0.5286527545384614,0.4804997613309077,0.0010995650072498791,5,7.551957467375544e-06
val,9,Gunshot,3022,967040,966,0.0009989245532759762,0.5434082966542866,0.19280174510818057,0.5776116859193902,0.4407981288589761,0.0010589013898080742,29,2.9988418266048974e-05
val,10,Help_Shouting,3626,1160320,489,0.00042143546607832324,0.5633785302792341,0.14086797995078335,0.5872263709925301,0.4918350081393464,0.0004929674572531715,255,0.0002197669608383894
val,11,Jackhammer,5181,1657920,0,0.0,0.6392136956648714,0.06682497019489327,0.654905008883392,0.5921397560093098,0.0,0,0.0
val,12,Knocking,1926,616320,1152,0.001869158878504673,0.44553991765423556,0.16919315789334535,0.48125078740928884,0.33840730838907584,0.0019210799584631361,15,2.4338006230529594e-05
val,13,Motorcycle,3826,1224320,413,0.00033733010977522217,0.5468596103532527,0.1317355948777149,0.5775612493813352,0.4547546932690049,0.0003430475692629378,0,0.0
val,14,Siren,5277,1688640,0,0.0,0.5419930091987378,0.13716003036833996,0.5860562830348625,0.40980318769036395,0.0,5,2.9609626681826794e-06
val,15,Train,8624,2759680,1765,0.0006395669063079777,0.5771870387436211,0.12709896870014087,0.6107751772413174,0.4764226232505323,0.0006508000927643785,31,1.1233186456400742e-05
val,16,Vehicle_Horn,2206,705920,128,0.00018132366273798732,0.5735969301860276,0.1273381000185062,0.6073865462967396,0.47222808185389187,0.00018132366273798732,0,0.0
