,Aircraft,Alarm,Baby_Crying,Car_Engine,Dog_Bark,Doorbell,Drilling,Footsteps,Glass_Breaking,Gunshot,Help_Shouting,Jackhammer,Knocking,Motorcycle,Siren,Train,Vehicle_Horn
Aircraft,39,0,0,4,0,0,0,2,1,0,1,0,0,4,0,0,0
Alarm,14,10,2,4,0,15,1,3,14,1,4,0,0,0,25,9,18
Baby_Crying,0,0,53,2,3,0,0,0,0,0,5,0,0,1,5,0,1
Car_Engine,23,0,0,84,1,0,0,0,0,0,0,0,0,5,4,29,0
Dog_Bark,7,0,1,2,138,0,0,0,0,0,2,0,0,0,5,2,1
Doorbell,0,1,0,0,0,4,0,0,2,0,0,0,0,0,1,0,0
Drilling,21,0,1,51,0,0,56,0,1,0,1,0,0,13,7,13,4
Footsteps,1,0,0,3,3,0,0,42,9,5,0,0,16,1,1,5,1
Glass_Breaking,0,0,0,0,0,1,0,0,69,4,0,1,0,0,0,0,0
Gunshot,1,0,0,1,0,0,0,0,6,102,0,0,2,0,1,8,1
Help_Shouting,1,0,13,0,6,0,1,1,0,0,52,0,0,0,1,1,0
Jackhammer,0,0,0,88,0,0,3,0,0,0,0,50,0,6,0,1,0
Knocking,0,0,0,0,1,0,0,1,4,3,0,0,52,0,0,2,0
Motorcycle,1,0,1,13,0,0,0,0,0,0,0,0,0,18,1,1,0
Siren,0,0,0,1,0,0,0,0,0,0,0,0,0,0,139,0,2
Train,10,0,0,5,0,0,0,1,4,0,0,0,1,0,2,54,3
Vehicle_Horn,1,0,1,0,0,0,0,1,0,0,0,0,0,0,8,5,53
