project_class,metric,comparison,ks_d,p_value,level
Aircraft,duration,train vs val,0.0337,0.9999999932724657,ok
Aircraft,duration,train vs test,0.029,0.9999999999760677,ok
Alarm,duration,train vs val,0.0255,0.9999996490258161,ok
Alarm,duration,train vs test,0.0339,0.9997029881004132,ok
Baby_Crying,duration,train vs val,0.1585,0.08972231625686919,ok
Baby_Crying,duration,train vs test,0.1065,0.4456734346226989,ok
Car_Engine,duration,train vs val,0.0359,0.9961499017047012,ok
Car_Engine,duration,train vs test,0.0075,1.0,ok
Dog_Bark,duration,train vs val,0.033,0.9982257938018722,ok
Dog_Bark,duration,train vs test,0.0191,0.9999999998588772,ok
Doorbell,duration,train vs val,0.1321,0.9982759632877553,underpowered_n
Doorbell,duration,train vs test,0.2536,0.7049000840385142,underpowered_n
Drilling,duration,train vs val,0.0267,0.9999336899012548,ok
Drilling,duration,train vs test,0.0333,0.9982809027824913,ok
Footsteps,duration,train vs val,0.0436,0.9981864653546845,ok
Footsteps,duration,train vs test,0.0336,0.9999848475493103,ok
Glass_Breaking,duration,train vs val,0.0412,0.9997773449143138,ok
Glass_Breaking,duration,train vs test,0.0414,0.999755816018168,ok
Gunshot,duration,train vs val,0.0442,0.9855333236640492,ok
Gunshot,duration,train vs test,0.0382,0.997282832590276,ok
Help_Shouting,duration,train vs val,0.0415,0.9997106633542048,ok
Help_Shouting,duration,train vs test,0.0515,0.9938952068848113,ok
Jackhammer,duration,train vs val,0.0527,0.8679806487011678,ok
Jackhammer,duration,train vs test,0.1477,0.0036866552194036884,ok
Knocking,duration,train vs val,0.0609,0.9850492368263528,ok
Knocking,duration,train vs test,0.0385,0.9999966600553477,ok
Motorcycle,duration,train vs val,0.0465,0.9999989139608919,ok
Motorcycle,duration,train vs test,0.0578,0.9995691978704172,ok
Siren,duration,train vs val,0.0158,0.9999999999999967,ok
Siren,duration,train vs test,0.0313,0.9996188422052242,ok
Train,duration,train vs val,0.0357,0.9999833017028357,ok
Train,duration,train vs test,0.0489,0.9973363670097202,ok
Vehicle_Horn,duration,train vs val,0.1907,0.032514461863818615,ok
Vehicle_Horn,duration,train vs test,0.0756,0.9267589036088401,ok
Aircraft,rms_db,train vs val,0.0397,0.9999984740396232,ok
Aircraft,rms_db,train vs test,0.0647,0.9867611833484746,ok
Alarm,rms_db,train vs val,0.0333,0.9997492661281571,ok
Alarm,rms_db,train vs test,0.0302,0.9999711714421756,ok
Baby_Crying,rms_db,train vs val,0.0896,0.688227212845397,ok
Baby_Crying,rms_db,train vs test,0.0877,0.6879012241475183,ok
Car_Engine,rms_db,train vs val,0.1123,0.08890298734823938,ok
Car_Engine,rms_db,train vs test,0.1328,0.011917979923878516,ok
Dog_Bark,rms_db,train vs val,0.03,0.9996211465724507,ok
Dog_Bark,rms_db,train vs test,0.0379,0.9933076494272284,ok
Doorbell,rms_db,train vs val,0.2821,0.5840907974830414,underpowered_n
Doorbell,rms_db,train vs test,0.1607,0.9834388826537378,underpowered_n
Drilling,rms_db,train vs val,0.0596,0.6999053514804144,ok
Drilling,rms_db,train vs test,0.0588,0.7582107773845302,ok
Footsteps,rms_db,train vs val,0.0359,0.9999427169253956,ok
Footsteps,rms_db,train vs test,0.0334,0.9999866956856645,ok
Glass_Breaking,rms_db,train vs val,0.0407,0.9998217838330568,ok
Glass_Breaking,rms_db,train vs test,0.0358,0.9999891215079256,ok
Gunshot,rms_db,train vs val,0.041,0.9937231179370166,ok
Gunshot,rms_db,train vs test,0.052,0.9349950735191713,ok
Help_Shouting,rms_db,train vs val,0.0466,0.9980989911112434,ok
Help_Shouting,rms_db,train vs test,0.0466,0.9983743162118845,ok
Jackhammer,rms_db,train vs val,0.0734,0.5030918912826081,ok
Jackhammer,rms_db,train vs test,0.2087,7.0327999527728935e-06,flag
Knocking,rms_db,train vs val,0.0446,0.9998279266311081,ok
Knocking,rms_db,train vs test,0.0453,0.9998619517834725,ok
Motorcycle,rms_db,train vs val,0.0738,0.9932926553060307,ok
Motorcycle,rms_db,train vs test,0.0566,0.9997040968420031,ok
Siren,rms_db,train vs val,0.1557,0.0064806659441715994,flag
Siren,rms_db,train vs test,0.1492,0.00972877227795866,ok
Train,rms_db,train vs val,0.0412,0.9996834567634036,ok
Train,rms_db,train vs test,0.0392,0.9999396180024022,ok
Vehicle_Horn,rms_db,train vs val,0.1653,0.08952640616371821,flag
Vehicle_Horn,rms_db,train vs test,0.1038,0.6431128016109052,ok
Aircraft,clip_feature_mean,train vs val,0.0505,0.999663418020075,ok
Aircraft,clip_feature_mean,train vs test,0.0574,0.9968707965538298,ok
Alarm,clip_feature_mean,train vs val,0.0252,0.9999997380890758,ok
Alarm,clip_feature_mean,train vs test,0.0243,0.9999999431364557,ok
Baby_Crying,clip_feature_mean,train vs val,0.131,0.23586264085988579,ok
Baby_Crying,clip_feature_mean,train vs test,0.1102,0.40413380521720543,ok
Car_Engine,clip_feature_mean,train vs val,0.1077,0.11377598342872335,ok
Car_Engine,clip_feature_mean,train vs test,0.1058,0.07651579991992027,ok
Dog_Bark,clip_feature_mean,train vs val,0.0334,0.9979008658776305,ok
Dog_Bark,clip_feature_mean,train vs test,0.0401,0.9874688836035297,ok
Doorbell,clip_feature_mean,train vs val,0.2714,0.6249192624987473,underpowered_n
Doorbell,clip_feature_mean,train vs test,0.3393,0.3601074648631145,underpowered_n
Drilling,clip_feature_mean,train vs val,0.0639,0.6133499964932722,ok
Drilling,clip_feature_mean,train vs test,0.0505,0.890465043666904,ok
Footsteps,clip_feature_mean,train vs val,0.0393,0.9996597730211123,ok
Footsteps,clip_feature_mean,train vs test,0.0426,0.9985776300319766,ok
Glass_Breaking,clip_feature_mean,train vs val,0.0429,0.9995306473933347,ok
Glass_Breaking,clip_feature_mean,train vs test,0.0435,0.9994129750176822,ok
Gunshot,clip_feature_mean,train vs val,0.0456,0.9799488533084372,ok
Gunshot,clip_feature_mean,train vs test,0.0608,0.8294093859793285,ok
Help_Shouting,clip_feature_mean,train vs val,0.0415,0.9997157981594681,ok
Help_Shouting,clip_feature_mean,train vs test,0.0379,0.9999632000502248,ok
Jackhammer,clip_feature_mean,train vs val,0.0936,0.22179119999181057,ok
Jackhammer,clip_feature_mean,train vs test,0.0896,0.19242414969173005,ok
Knocking,clip_feature_mean,train vs val,0.0588,0.9897277958425326,ok
Knocking,clip_feature_mean,train vs test,0.0394,0.9999939148406253,ok
Motorcycle,clip_feature_mean,train vs val,0.0698,0.9966736826227145,ok
Motorcycle,clip_feature_mean,train vs test,0.0575,0.9996084497627463,ok
Siren,clip_feature_mean,train vs val,0.132,0.03211955474519903,ok
Siren,clip_feature_mean,train vs test,0.1395,0.01893743449285601,ok
Train,clip_feature_mean,train vs val,0.0355,0.999985873327021,ok
Train,clip_feature_mean,train vs test,0.0444,0.9993835079875385,ok
Vehicle_Horn,clip_feature_mean,train vs val,0.0946,0.671435100882197,ok
Vehicle_Horn,clip_feature_mean,train vs test,0.1063,0.6134378742516476,ok
