project_class,split,n_clips,duration_mean,duration_median,rms_mean,rms_median,feat_mean,feat_std
Aircraft,test,53,10.408,10.789,-20.67,-20.05,0.5797,0.0829
Aircraft,train,234,10.446,11.046,-21.26,-20.18,0.5814,0.0774
Aircraft,val,51,10.458,12.0,-21.42,-19.59,0.5795,0.0801
Alarm,test,118,7.943,6.46,-22.33,-21.38,0.4827,0.12
Alarm,train,509,7.993,6.949,-22.45,-21.33,0.4817,0.1198
Alarm,val,120,7.985,6.816,-22.29,-21.85,0.4837,0.1181
Baby_Crying,test,74,4.712,6.72,-19.67,-16.17,0.5177,0.106
Baby_Crying,train,389,4.375,6.62,-19.03,-15.76,0.53,0.113
Baby_Crying,val,70,4.802,5.0,-19.01,-16.72,0.5315,0.1037
Car_Engine,test,180,3.94,4.0,-23.5,-23.55,0.5765,0.081
Car_Engine,train,674,3.94,4.0,-23.67,-24.72,0.5857,0.0807
Car_Engine,val,146,3.911,4.0,-23.87,-25.15,0.5812,0.085
Dog_Bark,test,143,3.287,4.0,-25.1,-24.25,0.5046,0.0735
Dog_Bark,train,649,3.298,4.0,-25.52,-24.66,0.5028,0.0716
Dog_Bark,val,158,3.294,4.0,-25.51,-24.36,0.5052,0.0716
Doorbell,test,8,9.33,9.731,-27.57,-25.22,0.4235,0.1071
Doorbell,train,35,7.479,6.655,-27.19,-26.17,0.4082,0.103
Doorbell,val,8,7.47,5.869,-26.91,-21.96,0.3973,0.1562
Drilling,test,152,3.574,4.0,-22.92,-22.08,0.6302,0.0562
Drilling,train,673,3.565,4.0,-22.83,-22.01,0.6279,0.0547
Drilling,val,168,3.573,4.0,-22.54,-22.27,0.6315,0.0494
Footsteps,test,89,7.525,6.935,-33.94,-33.34,0.4741,0.0873
Footsteps,train,386,7.433,6.826,-33.91,-32.61,0.4715,0.0851
Footsteps,val,87,7.47,6.749,-34.08,-32.55,0.4729,0.0883
Glass_Breaking,test,75,4.082,2.807,-27.36,-25.76,0.4931,0.0798
Glass_Breaking,train,342,4.095,3.0,-27.22,-26.0,0.4937,0.0848
Glass_Breaking,val,75,4.056,2.823,-27.21,-26.12,0.4947,0.0843
Gunshot,test,124,3.128,1.881,-19.57,-18.07,0.5625,0.1067
Gunshot,train,502,3.038,1.909,-19.01,-17.3,0.5613,0.1082
Gunshot,val,122,3.07,1.894,-18.87,-17.75,0.5628,0.1043
Help_Shouting,test,74,5.536,4.076,-18.96,-17.93,0.5685,0.0831
Help_Shouting,train,343,5.484,4.0,-19.04,-17.88,0.5671,0.0786
Help_Shouting,val,76,5.555,3.934,-19.31,-18.1,0.5649,0.0768
Jackhammer,test,179,3.414,4.0,-22.03,-20.89,0.6411,0.0341
Jackhammer,train,672,3.668,4.0,-23.23,-22.04,0.6385,0.0445
Jackhammer,val,148,3.608,4.0,-22.66,-22.19,0.645,0.0355
Knocking,test,58,4.714,3.039,-28.7,-28.25,0.418,0.0883
Knocking,train,259,4.693,3.02,-28.69,-27.96,0.4152,0.0864
Knocking,val,63,4.846,3.039,-28.53,-28.44,0.422,0.0916
Motorcycle,test,40,11.544,13.708,-22.97,-22.0,0.5603,0.0744
Motorcycle,train,163,11.425,12.999,-23.29,-22.27,0.5612,0.0765
Motorcycle,val,35,11.358,13.424,-23.33,-22.26,0.5596,0.0759
Siren,test,144,3.899,4.0,-27.9,-24.32,0.518,0.0933
Siren,train,618,3.934,4.0,-26.91,-25.68,0.5337,0.0997
Siren,val,142,3.907,4.0,-27.17,-23.28,0.5381,0.0903
Train,test,73,11.06,13.584,-23.18,-21.68,0.577,0.0764
Train,train,314,11.143,13.945,-23.38,-21.87,0.5769,0.0735
Train,val,80,11.189,14.136,-23.46,-21.8,0.5754,0.0753
Vehicle_Horn,test,58,3.673,4.0,-22.4,-21.96,0.5971,0.0639
Vehicle_Horn,train,259,3.361,4.0,-22.73,-21.3,0.6001,0.0633
Vehicle_Horn,val,69,3.393,2.588,-21.48,-19.56,0.5934,0.0628
