project_class,n_clips,train_frac,val_frac,test_frac
Aircraft,338,0.6923,0.1509,0.1568
Alarm,747,0.6814,0.1606,0.158
Baby_Crying,533,0.7298,0.1313,0.1388
Car_Engine,1000,0.674,0.146,0.18
Dog_Bark,950,0.6832,0.1663,0.1505
Doorbell,51,0.6863,0.1569,0.1569
Drilling,993,0.6777,0.1692,0.1531
Footsteps,562,0.6868,0.1548,0.1584
Glass_Breaking,492,0.6951,0.1524,0.1524
Gunshot,748,0.6711,0.1631,0.1658
Help_Shouting,493,0.6957,0.1542,0.1501
Jackhammer,999,0.6727,0.1481,0.1792
Knocking,380,0.6816,0.1658,0.1526
Motorcycle,238,0.6849,0.1471,0.1681
Siren,904,0.6836,0.1571,0.1593
Train,467,0.6724,0.1713,0.1563
Vehicle_Horn,386,0.671,0.1788,0.1503
ALL,10281,0.6829,0.1574,0.1597
