class,precision,recall,f1,support
Aircraft,0.3277,0.7647,0.4588,51
Alarm,0.9091,0.0833,0.1527,120
Baby_Crying,0.7361,0.7571,0.7465,70
Car_Engine,0.3256,0.5753,0.4158,146
Dog_Bark,0.9079,0.8734,0.8903,158
Doorbell,0.2,0.5,0.2857,8
Drilling,0.918,0.3333,0.4891,168
Footsteps,0.8235,0.4828,0.6087,87
Glass_Breaking,0.6273,0.92,0.7459,75
Gunshot,0.887,0.8361,0.8608,122
Help_Shouting,0.8,0.6842,0.7376,76
Jackhammer,0.9804,0.3378,0.5025,148
Knocking,0.7324,0.8254,0.7761,63
Motorcycle,0.375,0.5143,0.4337,35
Siren,0.695,0.9789,0.8129,142
Train,0.4154,0.675,0.5143,80
Vehicle_Horn,0.631,0.7681,0.6928,69
